Products,17-Jan,17-Feb,17-Mar,17-Apr,17-May,17-Jun,17-Jul,17-Aug,17-Sep,17-Oct,17-Nov,17-Dec,18-Jan,18-Feb,18-Mar,18-Apr,18-May,18-Jun,18-Jul,18-Aug,18-Sep,18-Oct,18-Nov,18-Dec,19-Jan,19-Feb,19-Mar,19-Apr,19-May,19-Jun,19-Jul,19-Aug,19-Sep,19-Oct,19-Nov,19-Dec,20-Jan,20-Feb,20-Mar,20-Apr,20-May,20-Jun,20-Jul,20-Aug,20-Sep,20-Oct,20-Nov,20-Dec,21-Jan,21-Feb,21-Mar,21-Apr,21-May,21-Jun,21-Jul,21-Aug,21-Sep,21-Oct,21-Nov,21-Dec,22-Jan,22-Feb,22-Mar,22-Apr,22-May,22-Jun,22-Jul,22-Aug,22-Sep,22-Oct
"Beef stewing cuts, per kilogram 3",12.67,13.63,14.01,13.6,15.38,15.5,15.95,16.22,14.2,13.79,13.72,13.98,13.08,12.08,14.01,14,14.11,13.72,13.6,13.63,13.94,13.14,12.81,13.08,13.79,13.32,13.52,13.95,14.64,14.92,14.44,14.62,14.54,13.85,14.47,15.51,13.85,14.65,15.38,14.95,18.25,19.39,18.31,15.84,14.52,15.21,15.75,15.22,15.19,15.2,14.38,15.54,15.44,16.2,16.61,16.64,16.4,18.04,17.56,18.93,17.75,16.01,17.78,18.68,18.99,19.09,19.31,19.21,17.91,20.27
"Beef striploin cuts, per kilogram 3",25.28,22.54,22.97,17.86,23.05,25.34,25.33,19.67,24.27,23.3,18.83,18.7,14.95,21.39,26.23,17.12,18.85,18.46,19.9,19.11,20.99,19.88,17.3,12.39,18.72,18.8,21.55,15.94,17.99,19.19,19.26,18.42,16.94,18.9,15.49,17.67,18.74,19.5,20.24,18.3,21.32,34.02,21.63,24.57,19.17,21.44,18.59,20.14,20.66,20.7,24.71,22.4,23.17,24.58,26.25,28.75,21.4,26.85,21.84,20.32,26.55,26.14,33.07,30.63,24.34,22.03,21.87,21.44,26.6,25.05
"Beef top sirloin cuts, per kilogram 3",12.36,12.15,16.62,10.45,17.77,17.43,17.07,20.02,16.7,17.1,12.8,8.3,13.51,16.23,13.02,15.57,14.87,15.54,16.98,12.99,15.38,13,13.07,11.57,15.5,13.44,16.15,13.58,16.82,15.68,14.97,12.36,14.1,15.68,14.31,10.96,13.68,13.43,16.47,13.78,16.85,20.74,16.31,13.98,12.83,10.91,14.45,11.43,13.88,13.52,14.6,17.24,14.2,18.69,16.16,18.44,20.71,13.28,18.36,13.29,18.07,17.46,16.26,17.21,17.12,20.18,17.81,19.78,21.96,14.57
"Beef rib cuts, per kilogram 3",22.63,19.67,22.36,16.27,19.08,23.39,21.78,23.97,18.42,14.51,20.88,14.53,20.22,22.35,15.81,22.25,21.28,19.73,24.5,19.16,20.68,15.24,24.46,16.8,19.69,23.44,23.12,16.48,23.76,21.14,23.05,22.98,23.19,14.76,21.71,13.9,22.49,26.44,20.5,17.35,23.21,22.54,23.95,25.74,25.42,15.6,23.76,16.53,24.79,22.71,18.58,22.25,29.57,28.29,26.14,23.68,25.09,19.5,30.13,21.03,29.18,30.55,24.94,20.27,31.97,25.76,31.99,28.33,23.52,18.44
"Ground beef, per kilogram 3",10.04,9.72,9.42,10.89,9.21,9,10.03,9.2,9.35,9.35,9.78,9.48,9.48,10.12,9.17,9.65,9.92,8.54,10.01,9.1,9.13,9.43,8.93,8.56,8.57,9.09,8.66,9.32,9.33,9.53,9.45,9.73,8.63,9.66,10.56,9.55,9.48,9.54,10.01,11.05,12.04,11.12,10.33,8.81,9.01,9.44,9.53,9.89,9.21,8.42,9.09,8.92,9.12,8.05,8.58,9.31,9.36,10.03,10.03,9.58,10.31,10.02,10.16,10.47,10.08,9.91,10.48,10.58,11.13,9.85
"Pork loin cuts, per kilogram 3",7.11,6.1,7.25,7.72,8.6,6.12,7.63,7.4,6.51,7.42,8.01,8.15,7.39,6.18,8.43,7.7,7.92,6.27,8.25,6.56,8.12,6.97,7.78,9.15,7.8,8.36,7.32,7.6,8.09,8.86,7.26,9.29,8.35,8.78,7.85,8.29,7.64,9.12,7.84,8,8.24,9.44,7.89,7.98,9.19,6.8,7.46,8.22,9.02,8.07,6.82,8.82,8.79,8.39,10.11,8.44,9.72,7.79,9.15,9.08,9.21,7.49,8.01,9.01,8.01,8.71,8.63,7.8,7.66,8.9
"Pork rib cuts, per kilogram 3",6.25,7.01,6.3,8.46,7.65,6.6,7.29,8.02,8.15,6.04,6.68,9.33,6.52,8.33,6.61,8.52,7.93,8.01,7.05,8.08,6.23,8.22,8.93,8.96,6.3,7.7,7.68,7.86,8.85,8.92,8.6,8.58,6.74,7.99,8.98,8.66,9.01,6.84,8.41,9.04,9.38,10.12,10.15,9.25,9.35,10.5,9.3,10.68,8.79,9.7,9.37,9.99,9.61,11.29,13.19,13.74,9.84,11.45,11.8,10.03,10.21,11.25,10.62,11.57,11.98,11.62,11.21,10.61,10.22,9.63
"Pork shoulder cuts, per kilogram 3",3.53,4.54,5.16,6.85,7.49,6.87,8.27,8.38,7.44,4.26,3.7,6.53,3.74,3.27,6.64,3.84,3.17,6.77,6.76,8.17,7.89,4.02,3.69,7.54,3.88,3.83,5.48,8.22,8.18,9.25,9.25,9.04,8.62,5.76,7.7,7.78,4.03,3.13,6.52,6.94,4.66,4.3,4.36,5.15,6.31,6.77,7.01,5.14,3.71,3.45,5.17,6.75,6.58,6.08,5.42,7.07,8.15,7.9,7.98,8.41,4.36,4.12,7.5,8.41,8.17,6.84,5.12,8.34,8.89,4.89
"Whole chicken, per kilogram 3",4.72,5.13,5.24,5.2,5.65,5.05,5.56,6.17,5.93,5.2,5.28,4.54,5.34,5.09,5.61,5.25,4.86,5.42,4.83,5.26,5.51,5.93,5.2,6.76,5.96,5.16,5.51,5.15,5.65,5.19,5.16,4.86,5.55,5.95,5.3,6.01,5.34,5.73,5.51,5.52,5.47,5.2,5.32,5.98,5.86,5.3,5.31,6.99,5.14,5.44,5.32,5.74,5.55,5.19,6.79,6.5,6.12,6.37,6.05,7.3,5.94,5.81,6.03,5.63,6.63,6.13,5.98,6.07,7.39,6.3
"Chicken breasts, per kilogram 3",11,10.29,10.4,10.49,11.01,10.37,12.13,11.78,12.6,11.8,12.23,12.28,11.27,11.39,10.53,12.21,10.47,11.36,12.01,10.73,12.03,11.18,11.79,10.14,11,10.2,10.16,10.76,10.53,11.12,11.7,11.43,11.54,10.85,11.75,12.21,10.91,12.41,12.9,12.66,10.59,11.18,11.76,11.28,11.84,12.83,12.26,12.19,12.05,12.19,11.69,13.24,12.56,12.95,12.08,13.75,12.86,12.61,13.63,14.35,13.57,13.17,14.67,15.81,15.51,14.71,16.37,15.84,15.64,13.18
"Chicken thigh, per kilogram 3",8.2,9.1,7.97,9.17,9.35,8.08,7.94,8.42,9.24,8.33,8.95,8.34,7.65,8.49,7.86,7.89,8.55,8.41,7.92,8.63,9.34,8.94,10.7,9.57,8.48,10.27,9,10.21,9.29,9.08,8.31,8.06,10.15,7.73,10.06,7.39,10.82,10.93,8.5,10.62,10.05,10.26,10.1,9.98,8.96,9.06,11.27,8.75,10.44,11.06,8.85,10.87,8.87,9.92,8.98,9.96,9.83,11.86,9.17,11.96,10.12,10.64,10.44,12.73,12.12,10.34,11.74,12.62,12.84,12.56
"Chicken drumsticks, per kilogram 3",5.58,6.36,5.41,6.54,6.62,4.84,5.31,5.3,6.49,5.76,6.19,5.84,5.34,5.84,5.27,5.41,5.99,5.95,5.54,5.96,6.53,6.12,7.64,6.42,5.84,7.09,6.03,7,6.31,6.21,5.6,5.43,6.46,5.08,6.45,5,6.93,7.29,5.71,6.95,6.76,6.6,6.91,6.53,5.77,5.7,7.17,5.74,6.77,7.51,5.5,7.27,5.61,6.4,5.83,6.23,6.27,7.72,5.71,7.63,6.46,6.9,5.48,8.34,5.98,6.32,6.22,6.85,6.74,8.4
"Bacon, 500 grams 4",4.8,5.16,5.34,5.56,5.55,5.33,5.37,6.1,5.47,5.6,5.26,5.12,5.83,5.28,5.72,5.69,5.69,5.31,5.52,6.17,6.39,5.69,5.65,5.76,6.25,5.86,5.41,5.89,5.44,5.84,5.77,5.93,6.02,4.98,5.78,5.84,5.88,5.23,5.77,6.11,5.75,5.79,6.07,5.86,5.67,5.62,6.45,6.36,6.01,5.8,6.4,6.18,6.82,6.27,6.83,7.11,6.81,6.92,7.28,7.26,6.8,7.18,6.88,7.3,7.19,6.97,7.35,7.34,7.15,7.47
"Wieners, 400 grams 4",3.09,3.31,2.75,3.09,2.85,2.72,3.12,3,3.14,3.01,2.95,3.39,2.89,2.74,3.08,3.29,3.22,3.1,3.31,3.15,3.08,2.95,2.8,3.15,3.2,2.76,3.3,3.24,3.16,3.32,3.55,3.49,3.46,3.2,3.46,3.4,3.69,3.08,3.8,3.87,4.06,4.38,3.76,3.69,3.65,3.68,3.86,3.99,3.79,3.92,3.92,3.99,3.93,4.06,4.06,4.2,4.12,4.19,4.11,4.4,4.22,4.2,3.95,4.39,4.48,4.56,4.6,4.44,4.38,4.53
"Salmon, per kilogram 3",24.82,25.06,25.35,23.96,25.88,24.93,25.31,22.54,25.22,22.39,23.63,22.12,24.34,23.82,22.54,24.83,24.59,24.38,26.24,24.01,24.9,24.91,26.5,24.47,26.6,25.82,26,24.42,25.16,25.78,23.73,23.13,24.72,23.03,25.26,24.6,24.99,25.62,26.65,24.5,25.36,24.29,23.06,22.92,22.26,21.96,21.33,21.19,24.56,24.49,23.64,23.48,23.52,24.66,25.25,25.3,26.72,25.91,26.21,24.97,26.99,26.39,27.08,28.72,30.6,30.86,29.6,29.07,29.56,26.82
"Shrimp, 300 grams 4",6.21,6.82,7.02,5.93,6.53,6.73,7.14,7.11,7.25,6.48,6.97,6.65,6.68,6.6,6.86,6.51,7.16,7.18,7.23,7.46,7.19,6.55,6.98,6.89,6.93,6.77,6.86,6.35,6.66,6.91,6.95,6.99,6.91,6.87,6.91,6.93,7.23,6.53,6.68,7.07,7.15,7.11,7.08,6.92,6.79,6.62,6.73,7.04,6.92,7.18,6.71,6.64,6.61,6.93,7.35,6.91,7.24,7.34,6.91,7.49,7.18,7.38,7.37,7.73,7.93,8.07,7.75,7.71,7.66,7.22
"Canned salmon, 213 grams 4",3.02,2.5,2.71,3.15,3.29,2.64,3.21,3.18,3.23,3.35,3.05,3.23,3.12,2.79,3.23,3.15,3.26,3.31,3.08,3.07,3,3.3,3.75,4.11,3.76,4.64,4.71,4.44,4.67,4.55,4.45,4.35,4.36,4.73,4.72,4.23,4.51,4.26,4.79,4.98,4.7,4.89,5.09,4.58,4.8,5.12,4.71,4.69,4.84,4.6,4.81,4.45,4.69,4.95,4.93,4.78,4.51,4.9,4.78,4.88,4.87,4.76,4.74,4.95,4.52,4.61,4.78,4.82,4.86,4.66
"Canned tuna, 170 grams 3",1.43,1.37,1.45,1.54,1.51,1.56,1.57,1.51,1.5,1.51,1.64,1.78,1.58,1.86,1.7,1.61,1.7,1.67,1.57,1.66,1.77,1.67,1.72,1.83,1.76,1.69,1.67,1.54,1.53,1.89,1.56,1.78,1.63,1.58,1.51,1.71,1.59,1.6,1.86,1.97,1.83,1.78,1.75,1.52,1.71,1.71,1.64,1.93,1.62,1.65,1.75,1.61,1.81,1.72,1.63,1.66,1.68,1.69,1.58,1.91,1.63,1.68,1.77,1.88,1.78,1.81,1.61,1.76,1.73,1.62
"Meatless burgers, 226 grams 4",4.4,4.31,4.08,4.18,4.08,4.3,4.22,4.17,4.29,4.25,4.39,4.39,4.41,4.32,4.29,4.32,4.35,4.4,4.27,4.23,4.43,4.55,4.6,4.45,4.5,4.41,4.3,4.59,6.13,5.92,6.15,6.09,5.91,5.6,5.66,5.52,5.06,4.98,5.53,5.74,5.69,5.79,5.76,5.75,5.86,5.82,5.84,5.78,5.69,5.59,5.77,5.98,5.86,5.81,5.78,5.94,5.95,5.95,5.94,6.06,6,6.03,5.92,5.97,5.65,5.66,5.89,5.91,5.84,5.95
"Milk, 1 litre 3",2.13,2.85,2.33,2.82,2.86,2.85,2.85,2.84,2.87,2.87,2.85,2.92,2.87,2.85,2.86,2.84,2.86,2.82,2.85,2.87,2.92,3,3.03,3.06,2.99,3.02,2.94,2.99,2.94,3.03,3.01,3.02,3.04,3.07,3.07,3.07,3.08,3.07,3.06,3.15,3.14,3.14,3.12,3.11,3.12,3.12,3.11,3.19,3.18,3.24,3.28,3.32,3.31,3.32,3.33,3.33,3.33,3.33,3.32,3.32,3.3,3.45,3.49,3.52,3.5,3.49,3.49,3.54,3.65,3.65
"Milk, 2 litres 3",4.39,4.41,4.38,4.38,4.38,4.4,4.32,4.31,4.27,4.36,4.35,4.4,4.4,4.41,4.44,4.41,4.38,4.37,4.38,4.45,4.48,4.56,4.56,4.6,4.64,4.6,4.52,4.46,4.55,4.52,4.53,4.57,4.57,4.51,4.6,4.6,4.58,4.68,4.73,4.79,4.83,4.75,4.79,4.76,4.76,4.79,4.67,4.78,4.78,4.87,4.89,4.93,4.96,4.92,4.97,4.95,4.98,4.98,4.85,4.99,5.01,5.26,5.26,5.3,5.26,5.23,5.17,5.25,5.43,5.4
"Milk, 4 litres 3",4.7,4.72,4.72,4.68,4.69,4.7,4.71,4.69,4.69,4.72,4.72,4.72,4.69,4.72,4.7,4.72,4.73,4.73,4.73,4.73,4.95,4.89,4.85,4.89,4.87,4.87,4.83,4.85,4.85,4.83,4.86,4.85,4.83,4.85,4.84,4.86,4.87,4.96,5.02,5.02,5,5.01,4.98,4.95,4.99,4.97,4.96,4.97,4.98,5.15,5.14,5.13,5.2,5.16,5.17,5.14,5.16,5.14,5.16,5.19,5.21,5.69,5.77,5.84,5.82,5.77,5.78,5.82,5.99,5.99
"Soy milk, 1.89 litres 4",3.68,3.73,3.94,3.83,3.82,3.77,3.9,3.81,3.77,3.8,3.84,3.83,3.57,3.77,3.64,3.82,3.64,3.74,3.82,3.69,3.67,3.56,3.72,3.82,3.57,3.79,3.86,3.81,3.84,3.87,3.89,3.88,3.7,3.57,3.74,3.94,3.75,3.68,3.8,3.78,3.86,3.63,3.69,3.49,3.83,3.68,3.75,3.87,3.64,3.84,3.82,3.61,3.77,3.95,3.85,3.66,3.71,3.73,3.58,3.86,3.64,3.84,3.98,4.04,3.98,3.91,3.94,3.92,4,4.16
"Nut milk, 1.89 litres 4",3.64,3.72,3.95,3.89,3.93,3.86,3.87,3.87,3.75,3.67,3.76,3.85,3.61,3.7,3.55,3.74,3.66,3.75,3.83,3.72,3.66,3.52,3.63,3.73,3.54,3.73,3.75,3.8,3.78,3.81,3.87,3.85,3.72,3.62,3.74,3.86,3.71,3.69,3.8,3.8,3.83,3.67,3.67,3.54,3.82,3.72,3.75,3.85,3.68,3.75,3.81,3.63,3.73,3.83,3.79,3.68,3.71,3.74,3.61,3.82,3.62,3.74,3.86,3.93,3.92,3.85,3.89,3.93,3.98,4.05
"Cream, 1 litre 3",3.27,3.18,3.22,2.95,3.47,3.37,3.55,3.38,3.36,3.08,3.45,3.07,3.57,3.52,3.14,3.33,3.34,3.24,3.49,3.65,3.61,3.51,3.53,3.5,3.75,3.86,3.46,3.17,3.43,3.51,3.73,3.87,3.82,3.21,3.64,3.45,3.78,3.89,3.72,3.59,3.48,3.69,3.58,3.64,3.52,3.44,3.47,3.45,3.73,3.92,3.89,3.75,3.84,3.73,3.99,4.04,3.86,3.63,3.64,3.72,3.77,4.02,4.28,3.85,4.16,4.06,4.33,4.34,4.12,3.63
"Butter, 454 grams 3",3.67,3.89,4.42,3.89,4.13,3.89,3.82,4.21,3.61,3.69,3.86,4.03,3.91,4.04,3.49,3.9,4.07,3.96,3.85,4.28,3.53,4.13,4.05,4.05,4.31,4.19,4.68,3.37,4.06,3.95,4.15,4.2,3.75,3.97,3.83,4.05,4.15,4.61,4.42,4.36,4.28,4.45,4.29,4.47,3.86,4.21,4.02,4.9,4.4,4.94,3.84,5.23,5.1,5.11,4.93,5.08,4.17,4.66,4.56,5.01,4.95,5.52,4.69,5.66,5.91,6.07,5.35,5.15,5.03,5.51
"Margarine, 907 grams 4",4.22,3.61,3.9,4.69,4.42,4.15,4.01,4.64,4.71,4.69,4.36,4.21,4.03,3.91,4.17,4.68,4.44,4.35,4.29,4.71,4.28,4.74,4.35,4.15,4.22,4.17,4.39,4.67,4.37,4.39,4.67,4.8,4.46,4.72,4.24,4.14,4.27,4.03,4.42,4.72,4.4,4.26,4.43,4.97,4.57,4.29,4.39,4.57,4.36,4.52,4.53,5.03,4.9,4.79,4.84,5.18,5.13,4.92,5.31,5.02,5.16,5.27,5.47,6.44,6.34,6.61,6.79,7.42,7.34,7.28
"Block cheese, 500 grams 4",5.87,5.94,5.6,5.36,6,5.9,5.61,5.85,5.56,5.35,5.6,5.35,5.58,5.88,5.46,5.71,6.06,6.08,5.81,5.7,5.97,5.52,5.4,5.25,5.82,5.63,5.78,5.59,6.06,6,5.83,5.74,5.76,5.36,5.77,5.31,5.7,5.73,6.24,6.22,6.21,6.39,6.15,6.24,6.06,5.9,5.9,6.09,6.29,6.21,6.01,6.27,6.47,6.32,6.34,6.6,6.26,6.12,6.15,5.92,6.29,6.55,6.84,6.61,6.86,6.72,6.74,6.74,6.83,6.58
"Yogurt, 500 grams 4",2.23,2.34,2.48,2.6,2.48,2.34,2.43,2.42,2.34,2.43,2.39,2.36,2.37,2.36,2.37,2.39,2.31,2.31,2.41,2.35,2.38,2.43,2.32,2.34,2.49,2.46,2.47,2.47,2.35,2.41,2.43,2.39,2.36,2.37,2.39,2.34,2.45,2.42,2.48,2.45,2.49,2.54,2.44,2.47,2.52,2.51,2.52,2.55,2.52,2.51,2.58,2.51,2.55,2.57,2.57,2.65,2.63,2.64,2.63,2.64,2.68,2.79,2.84,2.75,2.88,2.84,2.77,2.8,2.81,2.89
"Eggs, 1 dozen 3",2.78,2.78,2.82,2.73,2.77,2.79,2.71,2.75,2.78,2.88,3.01,3.05,3.11,3.11,3.09,2.92,3.06,3.11,2.98,3.12,3.12,3.02,3.14,3.17,3.16,3.21,3.12,3.2,3.25,3.21,3.14,3.16,3.32,3.23,3.23,3.44,3.34,3.38,3.43,3.53,3.53,3.52,3.62,3.68,3.71,3.75,3.76,3.75,3.77,3.8,3.97,3.97,3.92,3.94,3.91,4.06,3.94,4.09,4.06,4.06,4.11,4.09,4.24,4.33,4.35,4.37,4.46,4.53,4.58,4.69
"Apples, per kilogram 3",3.54,3.67,3.62,3.76,3.7,4.11,4.01,4.06,3.68,3.36,3.48,3.74,3.74,3.84,4.11,4.04,3.94,4.3,4.32,4.59,4.09,3.4,3.81,4.22,4.26,4.08,4.82,4.65,4.93,5.09,4.83,4.87,4.42,3.64,3.9,4.25,4.15,4,4.6,4.53,4.52,4.56,4.7,4.78,3.87,3.91,4.33,4.71,4.54,4.25,4.79,4.57,4.86,4.83,4.96,5.1,3.99,3.87,4.18,5.26,4.92,4.54,5.28,5.34,5.44,5.49,5.45,6.01,4.47,4.14
"Oranges, per kilogram 3",2.71,2.79,2.88,3.1,3.24,3.98,2.99,2.95,2.8,2.64,3.22,3.22,2.99,3.07,3.02,2.79,3.06,3.41,3.03,3.11,2.72,3.17,3.56,3.12,2.85,2.93,3.22,3.17,3.5,3.66,3,2.97,2.66,2.77,3.36,3.55,3.65,3.17,3.46,3.7,3.74,4,3.93,3.47,2.62,3.24,3.2,3.68,3.38,3.03,3.41,3.48,3.71,3.68,3.25,3.29,2.87,3.04,2.99,3.8,3.73,3.19,4.08,3.74,4.19,4.15,4.35,4.15,2.99,3.38
"Oranges, 1.36 kilograms 3 4",3.89,3.97,4.01,4.08,4.44,5.33,4.23,4.05,3.95,3.84,4.42,4.47,4.36,4.38,4.28,3.99,4.31,4.75,4.33,4.33,3.9,4.45,4.93,4.36,4.12,4.21,4.05,4.17,3.91,4.83,4.16,4.12,3.76,3.88,4.53,4.36,4.23,4.06,4.3,4.58,4.83,5.23,5.22,4.78,3.89,3.95,4.43,4.27,4.4,4.23,4.44,4.47,4.7,4.83,4.39,4.53,4.08,4,4.19,4.84,4.87,4.67,5.18,5.04,5.35,5.37,5.45,5.53,4.44,4.67
"Bananas, per kilogram 3",1.36,1.37,1.38,1.38,1.39,1.39,1.38,1.38,1.38,1.38,1.37,1.39,1.4,1.4,1.41,1.41,1.42,1.43,1.43,1.44,1.42,1.41,1.42,1.43,1.42,1.42,1.42,1.43,1.42,1.42,1.42,1.41,1.4,1.41,1.4,1.4,1.4,1.4,1.41,1.42,1.41,1.39,1.41,1.41,1.41,1.41,1.41,1.41,1.42,1.42,1.42,1.42,1.42,1.42,1.42,1.42,1.41,1.42,1.42,1.47,1.48,1.48,1.49,1.49,1.49,1.49,1.49,1.48,1.49,1.49
"Pears, per kilogram 3",3.5,3.74,3.59,3.6,3.68,3.87,3.77,3.98,3.54,3.23,3.53,3.73,3.94,3.78,3.94,3.88,3.95,3.98,3.8,4.37,4.3,3.75,3.84,3.65,3.85,3.66,4.15,4.16,3.95,4.25,3.96,4.09,4.04,3.84,4.18,4.46,4.22,4.36,4.09,4.26,4.28,4.37,4.4,4.46,4.13,3.89,4.37,4.5,4.53,4.52,4.14,4.29,4.21,3.95,4.05,4.21,4.3,4.12,4.49,4.74,4.75,4.73,4.78,4.73,4.93,4.65,4.88,5.73,5.23,5.27
"Lemons, unit 3",0.81,0.82,0.8,0.77,0.85,0.88,0.8,0.75,0.66,0.65,0.76,0.89,0.95,0.9,0.92,0.95,0.88,0.78,0.74,0.77,0.72,0.75,0.81,0.81,0.74,0.66,0.68,0.71,0.73,0.72,0.7,0.72,0.71,0.71,0.79,0.77,0.78,0.73,0.72,0.81,0.79,0.75,0.72,0.78,0.71,0.74,0.74,0.78,0.78,0.72,0.73,0.81,0.8,0.77,0.75,0.74,0.75,0.78,0.82,0.86,0.88,0.87,0.87,0.88,0.89,0.84,0.83,0.86,0.8,0.85
"Limes, unit 3",0.35,0.43,0.47,0.51,0.46,0.38,0.38,0.38,0.35,0.3,0.32,0.4,0.42,0.42,0.63,0.66,0.53,0.42,0.41,0.44,0.41,0.37,0.39,0.49,0.41,0.41,0.49,0.66,0.6,0.46,0.39,0.45,0.5,0.44,0.46,0.57,0.52,0.47,0.57,0.54,0.49,0.42,0.43,0.48,0.55,0.45,0.45,0.53,0.5,0.45,0.59,0.62,0.58,0.57,0.51,0.5,0.48,0.5,0.55,0.64,0.73,0.79,0.88,0.89,0.8,0.65,0.58,0.65,0.59,0.64
"Grapes, per kilogram 3",6.93,5.69,5.64,6.11,6.91,4.43,5.59,5.2,4.62,4.72,5.22,6.55,6.62,4.82,4.78,5.87,6.01,5.33,6.77,5.16,4.36,4.69,4.6,5.34,6.23,6.2,5.37,5.9,6.69,5.3,4.62,5.23,4.8,4.44,5.47,5.92,6.03,6.02,5.01,5.55,6.49,5.82,5.14,5.71,5.04,4.78,5.06,5.49,5.67,5.51,5.98,5.32,6.49,6.27,6.14,6.38,5.25,5.05,5.7,6.44,6.7,6.79,6.93,6.27,7.23,5.78,6.26,6.82,6.64,5.17
"Cantaloupe, unit 3",2.66,2.4,2.08,2.43,2.09,2.67,3.02,2.02,2,2.1,2.65,2.59,2.6,1.77,1.6,2.33,2.27,3.32,2.94,1.78,2.2,2.44,3.05,3.02,2.62,2.77,2.52,2.68,2.69,3.66,2.03,2.2,2.47,2.87,3.62,3.24,2.51,1.79,1.82,2.67,3.18,3.02,3.12,2.02,2.61,3.67,2.86,2.96,3.85,3.35,2.65,2.42,2.66,3.36,3.14,2.47,2.84,3.38,3.7,2.89,2.86,3.19,2.61,2.79,3.88,4.46,3.99,2.68,3.64,4.45
"Strawberries, 454 grams 4",3.06,2.87,2.9,2.72,2.73,2.44,2.39,2.54,3.04,2.77,4.36,3.53,3.37,2.66,2.46,3.04,2.25,2.15,2.5,2.81,3.23,2.96,3.82,5.8,4.35,3.15,2.65,2.74,2.39,3.11,2.88,2.86,3.39,3.48,4.7,6.34,4.12,2.77,2.98,3.1,2.96,2.8,3.56,3.97,3.61,5.08,5.1,4.87,4.17,4.13,3,3.24,3.37,2.78,3.31,3.34,3.75,4.2,5.69,5.77,4.78,3.65,3.08,3.96,3.8,3.14,3.63,4.36,4.33,5.15
"Avocado, unit 3",1.42,1.41,1.54,1.84,2.04,1.98,1.86,1.78,1.8,1.67,1.32,1.43,1.36,1.38,1.56,1.45,1.59,1.72,1.73,1.78,1.65,1.51,1.57,1.53,1.52,1.53,1.63,1.72,2.07,2,1.98,1.95,1.89,1.76,1.61,1.81,1.62,1.54,1.69,1.88,1.85,1.86,1.8,1.74,1.63,1.54,1.48,1.49,1.44,1.33,1.42,1.66,1.69,1.7,1.64,1.71,1.69,1.63,1.59,1.67,1.82,1.9,1.99,2.2,2.31,2.32,2.08,2.1,1.84,1.96
"Potatoes, 4.54 kilograms 3",3.69,3.57,3.59,3.58,3.68,4.11,4.58,3.71,3.18,3.07,2.87,3.12,3.46,3.57,3.2,3.66,3.6,4.42,4.75,4.42,3.38,3.23,3.57,3.58,4.75,3.94,4.39,3.78,4.81,5.38,5.29,4.15,3.45,2.91,3.11,3.5,4.59,4.17,4.44,4.74,4.32,4.51,3.92,4.15,3.78,3.29,3.42,3.67,4.21,3.51,3.83,4.42,4.68,4.51,4.69,4.09,3.64,3.3,3.68,3.81,4.13,3.36,3.81,3.73,4.45,4.62,4.44,4.96,3.99,3.76
"Potatoes, per kilogram 3",3.36,3.23,3.33,3.35,3.41,3.59,3.61,3.36,3.13,3.11,3.5,3.55,3.63,3.63,3.85,3.94,4.01,4.03,4.09,4.13,3.99,3.91,3.74,3.84,3.82,3.92,4.12,4.12,4.25,4.29,4.27,4.2,4.11,4.05,4.1,4.11,4.03,4,4.07,4.31,4.48,4.56,4.55,4.22,4.12,3.71,3.73,4.17,4.27,4.21,4.17,4.19,4.31,4.32,4.33,4.22,4.22,4.22,4.12,4.15,4.17,4.18,4.16,4.14,4.74,5.21,5.25,4.95,4.76,4.74
"Sweet potatoes, per kilogram 3",2.78,2.8,2.72,2.68,3.2,3.5,3.31,3.42,3.2,2.72,2.82,2.63,2.78,3.07,3.03,3.26,3.33,3.33,3.62,3.73,3.5,3.03,3.29,2.85,3.13,3.04,3.5,3.2,3.76,3.71,3.67,4.01,3.74,3.23,3.09,3.11,3.27,3.08,3.41,3.55,3.73,3.82,3.8,3.92,3.55,3.19,3.28,3.07,3.46,3.44,3.54,3.64,3.71,3.64,3.57,3.8,3.57,3.21,3.26,3.07,3.49,3.43,3.28,3.27,3.76,3.84,3.78,3.93,3.53,3.19
"Tomatoes, per kilogram 3",4.05,3.85,3.48,3.09,2.85,3.05,3,2.93,2.82,2.92,3.67,5.04,5.13,4.02,3.91,3.42,3.02,3.11,3.19,3.08,3.13,3.35,4.6,5.86,5.31,4.04,3.77,3.22,3.33,3.07,3.35,3.29,3.15,3.44,4.43,5.77,6.11,5.96,6.04,4.83,4.23,4.72,5.29,4.43,4.45,5.04,4.82,5.5,5.81,5.35,4.19,3.44,3.43,3.54,3.67,3.45,3.53,4.06,4.83,5.25,5.51,5.03,4.2,3.93,3.97,3.91,4.25,3.81,3.72,4.38
"Cabbage, per kilogram 3",1.65,1.7,1.7,1.79,1.95,2.14,1.83,1.77,1.49,1.56,1.56,1.67,1.65,1.65,1.64,1.71,1.76,1.95,1.88,2.03,1.65,1.91,1.84,2.23,2.34,2.49,2.49,3.18,3.22,3.41,2.84,2.51,1.92,2.02,1.85,2.15,2.09,1.99,1.8,1.89,2.3,3.02,2.89,2.24,1.94,1.92,1.8,2.07,2.24,2.27,2.15,2.14,2.2,2.38,2.17,1.98,1.72,1.66,1.71,2,2.24,2.28,2.22,2.28,2.5,2.87,2.57,2.21,1.99,1.9
"Carrots, 1.36 kilograms 4",2.12,2.34,2.45,2.44,2.77,2.99,2.97,2.51,2.24,2.03,1.82,2.19,2.21,2.53,2.81,3.04,2.89,3.15,3.15,2.87,2.17,1.88,2.16,2.33,2.74,2.77,3.01,3.05,3.64,3.66,3.24,2.94,2.4,2.09,2.2,2.49,2.44,2.59,2.81,3.28,3.49,3.64,3.38,2.66,2.82,2.63,2.81,2.72,2.94,2.97,3.15,2.95,3.02,3.26,3.2,2.92,2.94,2.58,2.59,2.61,2.66,3.02,3.4,3.45,3.86,3.93,3.92,3.43,3.45,3.12
"Onions, per kilogram 3",3.5,3.48,3.46,3.46,3.49,3.65,3.71,3.7,3.75,3.71,3.77,3.98,4.01,4.11,4.35,4.3,4.09,3.96,4.01,4.07,4.05,3.92,4.02,4.19,3.98,4.06,4.3,4.83,4.86,4.79,4.6,4.67,4.55,4.49,4.51,4.58,4.25,4.41,4.32,4.52,4.35,4.43,4.43,4.51,4.39,4.45,4.39,4.56,4.3,4.31,4.4,4.28,4.41,4.39,4.47,4.49,4.36,4.34,4.49,4.59,4.75,5.22,5.58,5.59,5.62,5.73,5.63,5.65,5.55,5.49
"Onions, 1.36 kilograms 4",2.84,2.94,2.97,3.01,3.06,3.21,3.61,3.3,3.38,2.97,2.82,3.14,3.12,3.15,3.37,3.26,3.2,3.33,3.65,3.58,3.1,2.96,3.18,3.33,3.52,3.46,3.9,4.11,4.32,4.33,4.89,4.3,3.49,3.27,3.38,3.6,3.32,3.38,3.47,3.7,3.84,4.02,4.16,3.77,3.85,3.66,3.74,3.69,3.69,3.65,3.93,3.82,3.86,4.08,4.1,3.95,3.89,3.64,3.74,3.69,3.69,4.16,4.3,4.61,4.73,4.73,5.08,5.12,4.68,4.36
"Celery, unit 3",2.22,2.14,2.23,2.3,2.99,3.55,2.57,1.86,1.43,1.52,2.16,2.47,2.48,2.4,2.45,2.42,2.63,2.77,2.61,2.12,1.85,2.03,2.53,3.23,3.23,3.71,4.23,4.85,5.37,5.02,3.61,2.52,2.07,2.35,2.8,3.07,3.06,2.84,2.62,2.76,2.74,2.76,2.63,2.17,2.38,2.46,2.57,2.51,2.86,2.81,2.65,2.53,2.67,2.7,2.46,2.27,2.09,2.28,2.58,2.68,2.82,2.89,3.17,3.11,3.23,3.37,2.89,2.53,2.49,2.46
"Cucumber, unit 3",1.67,1.56,1.14,1.03,0.99,1,1.05,1.02,1.1,1.21,1.55,1.66,1.61,1.43,1.23,1.01,1.14,1.09,1.19,1.14,1.25,1.55,1.72,1.66,1.73,1.71,1.26,1.08,1.19,1.2,1.21,1.35,1.47,1.6,1.72,1.89,1.87,1.59,1.37,1.22,1.21,1.23,1.27,1.37,1.43,1.56,1.66,1.56,1.75,1.64,1.28,1.16,1.2,1.35,1.41,1.41,1.42,1.63,1.86,1.82,1.9,1.82,1.31,1.21,1.23,1.25,1.25,1.31,1.46,1.7
"Mushrooms, 227 grams 4",1.95,1.97,1.98,1.83,1.81,1.89,1.87,1.93,1.75,1.82,1.86,2,1.93,1.98,1.95,1.84,2.12,2.01,2.09,2.12,1.95,1.95,1.91,2.04,1.95,1.81,2.01,2.01,1.96,2.19,1.97,2.14,2,1.97,2.1,2.12,2.17,1.93,2.09,2.28,2.29,2.28,2.34,2.08,2.35,2.35,2.32,2.4,2.3,2.09,2.26,2.31,2.34,2.39,2.4,2.32,2.18,2.39,2.31,2.46,2.41,2.42,2.36,2.42,2.59,2.29,2.37,2.52,2.21,2.58
"Iceberg lettuce, unit 3",1.65,1.59,1.98,2.52,2.32,1.95,1.43,1.32,1.25,1.64,1.87,1.77,1.95,1.89,2.35,1.97,1.98,2.01,1.66,1.61,1.57,1.67,2.47,3.43,2.77,2.03,2.57,2.67,2.74,2.17,1.62,1.82,1.78,2.1,2.62,2.67,2.51,2.04,2.44,2.43,2.15,2.38,1.81,1.9,1.92,2.91,2.76,2.82,2.58,2.11,2.29,2.39,2.36,2.18,1.79,1.94,1.99,2.35,3.32,2.65,2.4,2.49,2.94,3.09,2.84,2.73,2.09,2.17,2.45,3.27
"Romaine lettuce, unit 3",2.1,2.18,2.49,3.41,2.81,1.74,1.17,1.2,1.21,1.57,2.21,2.27,2.24,2.29,2.5,2.77,2.57,1.97,1.51,1.45,1.6,2.06,2.61,3.33,2.77,2.72,2.93,2.73,2.89,2.27,1.77,1.86,1.92,2.36,3.03,3.11,3.03,3.02,3,3.01,2.78,2.57,1.77,1.96,2.18,3.46,3.61,3.23,3.24,3.19,2.77,2.67,2.52,2.01,1.77,1.72,1.98,2.43,3.32,3.25,3.08,3.18,3.74,3.47,3.09,2.64,1.93,2.07,2.45,3.42
"Broccoli, unit 3",2.18,2.46,2.1,2.92,2.75,3,2,1.58,1.48,1.44,2.3,2.33,2.26,1.98,1.93,2.05,2.45,2.77,2.02,2.03,1.65,1.89,2.54,2.93,2.69,2.25,2.52,2.13,2.4,3.03,2.1,2.09,2.07,2.08,2.32,2.32,2.31,2.26,2.17,2.52,2.6,2.59,2.77,2.25,2.31,2.43,2.69,2.69,2.9,2.14,2.43,2.57,2.47,2.45,2.3,2.39,2.22,2.38,2.86,2.94,2.75,2.7,2.71,2.52,2.69,2.44,2.28,2.44,2.07,2.45
"Peppers, per kilogram 3",5.68,5.09,5.6,5.7,5.71,6.03,6.02,5.02,3.57,4.75,6.29,7.29,6.77,5.82,6.62,6.12,6.62,6.79,6.83,5.54,4.08,6.16,7.6,8.01,7.72,6.78,7.9,7.25,6.98,7.16,7.52,5.74,4.09,5.52,6.96,7.42,6.97,7.14,6.95,6.94,6.96,7.6,7.85,5.48,4.74,6.81,7.07,7.58,7.94,7.81,7.16,6.08,6.8,6.53,6.6,5.35,4.79,6.11,6.94,7.33,7.45,7.14,7.23,6.8,7.28,6.98,6.41,5.45,4.91,6.39
"Squash, per kilogram 3",3.52,3.65,3.5,3.49,3.8,4.08,4.23,3.54,2.15,2.16,2.4,3.18,3.7,3.93,3.87,3.77,4.05,4.23,4.19,3.79,2.49,2.57,2.65,3.53,4.07,4.08,4.07,4.46,4.82,4.72,4.32,4.36,2.92,2.59,2.47,3.72,4.11,4.1,4.35,4.69,4.51,4.51,4.23,4.18,2.92,2.72,2.74,3.75,4.26,4.23,3.97,3.86,3.9,3.85,4.04,3.77,2.86,2.63,2.97,3.61,3.96,4.32,4.51,4.01,4.51,4.81,5.16,4.59,3.23,3.01
"Salad greens, 142 grams 4",3.24,3.43,3.45,3.57,3.63,3.75,3.84,4.08,4.13,4.05,3.96,4.1,4.06,3.9,4,4.05,3.99,3.99,3.98,4.15,4.12,4.03,4.17,4.23,3.98,4.07,4.22,4.09,4.17,4.07,4.14,4.08,4.11,3.96,4.03,4.08,4.1,4.01,4.06,4,4.02,3.97,3.97,3.97,3.94,3.94,4,4.02,3.95,3.98,4.01,3.97,4.04,3.95,4.03,4.02,4.01,3.95,4,4.02,4.04,4,4.08,4.25,4.3,4.28,4.17,4.36,4.45,4.62
"Frozen french fried potatoes, 750 grams 4",2.09,2.08,1.96,2.03,2.04,1.98,2.05,2.07,2,2.03,2.06,2.04,1.98,1.94,1.97,2.13,2.09,2.07,1.98,2.11,2.04,2.08,2.08,2.14,2.15,2.12,2.14,2.14,2.24,2.16,2.12,2.19,2.11,2.25,2.18,2.18,2.17,1.91,2.29,2.28,2.18,2.34,2.19,2.1,2.17,2.28,2.36,2.36,2.31,2.36,2.43,2.44,2.39,2.48,2.5,2.41,2.37,2.41,2.4,2.5,2.38,2.46,2.52,2.49,2.54,2.6,2.56,2.69,2.74,2.84
"Frozen green beans, 750 grams 4",3.08,3.08,3.38,3.13,3.4,3.34,3.44,3.45,3.24,3.07,3.18,2.98,3.29,3.22,2.94,3.14,3.1,3.18,3.17,3.08,3.12,3.1,3.26,3.08,3.42,3.38,3.47,3.31,3.45,3.42,3.38,3.25,3.32,3.22,3.35,3.11,3.38,3.32,3.57,3.47,3.43,3.54,3.43,3.46,3.31,3.2,3.43,3.13,3.15,3.6,3.67,3.66,3.64,3.55,3.55,3.51,3.37,3.24,3.45,3.32,3.5,3.46,3.51,3.28,3.55,3.45,3.6,3.64,3.6,3.58
"Frozen broccoli, 500 grams 3",2.97,3.06,3.05,2.7,3.07,3.11,3.26,3.22,2.95,2.98,2.98,2.92,3.12,2.9,2.81,3.04,2.95,2.97,3.06,2.97,2.84,2.94,2.95,2.64,3.11,2.94,3.16,2.72,3.14,3.09,3.15,2.98,2.91,2.81,2.99,2.77,2.96,3.12,3.35,3.2,3.32,3.31,3.5,3.29,2.97,2.94,3.09,2.91,2.88,3.23,3.39,3.49,3.54,3.59,3.78,3.65,3.2,3.16,3.41,3.15,3.46,3.38,3.79,3.16,3.63,3.48,3.71,3.81,3.7,3.71
"Frozen corn, 750 grams  4",2.72,2.81,2.83,2.44,2.9,2.84,2.95,2.94,2.63,2.57,2.75,2.52,2.82,2.78,2.52,2.76,2.81,2.91,2.88,2.81,2.67,2.66,2.82,2.58,2.94,2.86,2.99,2.75,2.96,2.98,3,2.93,2.86,2.76,2.9,2.6,2.92,2.9,3.09,3.06,3.13,3.11,3.16,3.07,2.83,2.71,2.93,2.58,2.68,3.09,3.21,3.24,3.27,3.26,3.26,3.16,3.01,2.84,3.15,3,3.3,3.17,3.25,2.93,3.21,3.16,3.23,3.16,3.12,3.16
"Frozen mixed vegetables, 750 grams  4",3.01,3.03,3.05,2.77,3.05,2.9,3.04,3.04,2.84,2.82,2.86,2.75,2.93,2.93,2.77,2.92,2.86,2.93,2.92,2.88,2.84,2.86,2.99,2.8,3,2.95,3.08,2.89,2.96,2.98,2.96,2.95,2.95,2.88,3.03,2.84,3.04,2.98,3.13,3.13,3.22,3.18,3.17,3.11,2.95,2.88,3.01,2.85,2.83,2.97,3.02,3.14,3.24,3.22,3.25,3.23,3.11,3.09,3.3,3.14,3.4,3.3,3.31,3.1,3.28,3.29,3.32,3.27,3.31,3.28
"Frozen peas, 750 grams 4",2.81,2.88,2.87,2.47,2.9,2.84,2.93,2.93,2.65,2.6,2.77,2.57,2.83,2.81,2.53,2.78,2.81,2.9,2.85,2.81,2.7,2.68,2.83,2.58,2.93,2.86,3.04,2.75,2.91,2.96,2.96,2.92,2.87,2.76,2.89,2.66,2.96,2.9,3.09,2.97,3.11,3,3.02,3.05,2.85,2.73,2.94,2.59,2.7,3.03,3.02,3.08,3.1,3.05,3.02,3.05,2.92,2.79,3.04,2.94,3.21,3.11,3.17,2.93,3.12,3.11,3.17,3.14,3.14,3.17
"Frozen pizza, 390 grams 4",4.22,3.46,3.73,3.87,3.88,4.05,3.98,3.96,4.2,3.83,3.8,3.92,3.84,3.86,4.1,3.76,3.88,4.03,3.93,4.06,3.74,3.98,3.97,3.8,3.88,4.25,4.09,3.86,4.04,4.05,3.93,4.13,3.81,4.01,3.92,4.13,3.85,4.32,4.18,4.11,4.29,4.26,4.31,4.56,4.07,3.94,3.92,4.03,4.28,3.99,4,3.99,4.06,4.13,4.1,4.03,3.99,4.02,4.02,4.03,4.1,4,4.28,4.1,4,4,4.13,4.16,4.07,4.13
"Frozen spinach, 300 grams 4",1.35,1.32,1.29,1.25,1.27,1.29,1.28,1.32,1.32,1.29,1.27,1.41,1.36,1.38,1.31,1.31,1.35,1.33,1.38,1.34,1.36,1.2,1.37,1.43,1.37,1.35,1.36,1.38,1.34,1.41,1.47,1.41,1.39,1.23,1.4,1.38,1.55,1.8,1.89,1.69,1.58,1.8,1.67,1.45,1.22,1.16,1.46,1.75,1.82,1.95,1.59,1.89,1.67,1.75,2.02,1.97,1.73,1.58,1.76,1.71,1.79,1.69,1.82,1.89,1.7,1.64,1.94,2.15,2.21,2.01
"Frozen strawberries, 600 grams 3",4.42,5.05,4.71,4.56,4.59,4.91,4.64,4.81,4.5,4.42,4.6,4.34,4.36,4.16,4.12,3.98,4.2,4.28,4.22,4.29,4.26,4.36,4.58,4.2,4.29,4.33,4.45,4.05,4.4,4.42,4.25,4.24,4.32,4.27,4.39,4.05,4.35,4.37,4.69,4.65,4.73,4.54,4.23,4.18,4.34,4.27,4.41,4.21,4.32,4.37,4.42,4.48,4.52,4.49,4.51,4.59,4.45,4.44,4.68,4.83,4.64,4.74,4.74,4.62,4.9,4.87,5.03,5.18,4.76,4.78
"White bread, 675 grams 4",2.33,2.35,2.35,2.35,2.38,2.48,2.49,2.51,2.36,2.44,2.4,2.46,2.39,2.4,2.41,2.36,2.4,2.39,2.45,2.43,2.35,2.39,2.4,2.42,2.45,2.39,2.42,2.4,2.42,2.4,2.44,2.46,2.45,2.43,2.41,2.53,2.54,2.52,2.55,2.62,2.58,2.58,2.59,2.59,2.56,2.56,2.56,2.6,2.55,2.63,2.59,2.57,2.58,2.52,2.55,2.62,2.61,2.61,2.6,2.71,2.64,2.7,2.79,2.81,2.83,2.82,2.92,2.95,2.93,2.98
"Flatbread and pita, 500 grams  4",2.48,2.58,2.4,2.44,2.57,2.6,2.6,2.68,2.65,2.6,2.66,2.62,2.55,2.27,2.43,2.45,2.49,2.58,2.67,2.57,2.68,2.55,2.63,2.72,2.72,2.6,2.58,2.63,2.6,2.56,2.64,2.56,2.66,2.48,2.71,2.81,2.76,2.67,2.67,2.68,2.71,2.57,2.65,2.83,2.6,2.6,2.63,2.86,2.91,2.72,2.69,2.75,2.81,2.7,2.8,2.88,2.91,2.79,2.82,2.96,3.02,3.07,3.04,3.15,3.16,3.17,3.28,3.4,3.42,3.45
"Crackers and crisp breads, 200 grams  3",2.2,2.35,2.4,2.32,2.33,2.19,2.3,2.3,2.23,2.29,2.29,2.13,2.31,2.34,2.11,2.41,2.29,2.29,2.38,2.33,2.31,2.43,2.44,2.28,2.53,2.48,2.31,2.28,2.5,2.37,2.52,2.41,2.33,2.28,2.36,2.18,2.38,2.37,2.24,2.39,2.42,2.42,2.4,2.38,2.4,2.44,2.38,2.26,2.43,2.41,2.25,2.38,2.37,2.36,2.42,2.42,2.35,2.38,2.43,2.55,2.65,2.55,2.63,2.56,2.61,2.56,2.66,2.66,2.62,2.64
"Cookies and sweet biscuits, 300 grams  4",2.22,2.3,2.28,2.29,2.27,2.21,2.36,2.24,2.24,2.29,2.36,2.16,2.26,2.32,2.27,2.41,2.4,2.45,2.48,2.49,2.43,2.64,2.67,2.58,2.66,2.67,2.46,2.46,2.52,2.51,2.81,2.63,2.49,2.54,2.49,2.45,2.47,2.56,2.54,2.63,2.73,2.75,2.62,2.67,2.66,2.68,2.58,2.7,2.68,2.73,2.61,2.58,2.66,2.59,2.64,2.64,2.58,2.54,2.51,2.53,2.7,2.81,2.68,2.75,2.87,2.78,2.88,2.98,3.04,3.1
"Dry or fresh pasta, 500 grams 4",2.38,2.16,2.35,2.45,2.34,2.47,2.31,2.44,2.4,2.16,2.43,2.56,2.25,2.29,2.38,2.34,2.26,2.25,2.25,2.38,2.43,2.33,2.31,2.44,2.28,2.48,2.22,2.38,2.5,2.37,2.41,2.38,2.34,2.22,2.34,2.54,2.36,2.22,2.35,2.47,2.68,2.56,2.62,2.58,2.52,2.12,2.56,2.64,2.6,2.59,2.6,2.56,2.56,2.59,2.57,2.66,2.69,2.56,2.81,2.77,2.92,2.96,3.15,2.93,3.01,3.17,3.09,3.14,3.27,3.26
"Brown rice, 900 grams  4",4.04,3.97,4.11,4.15,4.19,4.25,4.23,4.25,4.15,4.22,4.21,4.19,4.14,4.21,4.25,4.26,4.25,4.2,4.1,4.19,4.12,4.16,4.17,4.08,4.1,4.1,4.17,3.97,4.21,4.12,4.19,4.24,4.25,4.26,4.33,4.45,4.39,4.44,4.55,4.59,4.7,4.67,4.73,4.57,4.55,4.7,4.73,4.88,4.8,4.88,4.73,4.84,4.83,4.86,4.9,4.84,4.74,4.82,4.86,4.85,4.8,4.83,4.99,5.17,5.16,5.27,5.28,5.48,5.56,5.61
"White rice, 2 kilograms 4",6.28,6.37,6.37,6.31,6.25,6.19,6.44,6.42,6.39,6.47,6.6,6.57,6.52,6.61,6.72,6.78,6.62,6.55,6.76,6.76,6.74,6.84,6.86,6.73,6.92,6.97,6.94,6.79,6.89,6.87,6.87,6.9,6.74,6.85,7.17,7.5,7.42,7.51,7.36,7.95,7.83,7.87,7.86,7.73,7.77,7.73,7.75,7.92,8.18,8.03,7.93,8.02,7.95,7.88,8.07,8.03,7.85,8.02,7.79,8.13,8.3,8.49,8.59,9.04,8.92,8.84,8.92,8.8,9.18,8.94
"Cereal, 400 grams 4",2.97,2.8,3.03,3.13,3.04,3.09,3.09,3.09,2.97,3.1,3.01,3.03,2.9,2.99,3.01,3.07,3.01,3.13,3.07,2.97,3.08,2.97,3.04,3.19,3.01,3.11,3.11,3.06,3.08,3.04,3.08,2.96,3.02,3.03,3.09,3.05,3,3.07,3.2,3.28,3.21,3.19,3.33,3.21,3.17,3.08,3.14,3.23,3.12,3.26,3.26,3.2,3.29,3.34,3.39,3.33,3.23,3.37,3.38,3.54,3.39,3.66,3.9,3.86,3.83,3.76,3.87,3.85,3.95,4.02
"Wheat flour, 2.5 kilograms 4",4.88,4.47,4.74,4.73,4.78,4.65,4.77,4.89,4.57,4.75,4.33,4.55,4.71,4.67,4.54,4.85,4.78,4.73,4.73,4.86,4.62,4.57,4.45,4.6,4.79,4.71,4.81,4.53,4.72,4.77,4.79,4.8,4.64,4.53,4.44,4.48,4.68,4.61,4.78,4.59,5.27,5.37,5.06,5.01,4.7,4.67,4.43,4.58,4.81,4.81,4.5,4.74,4.93,4.91,4.95,4.8,4.64,4.66,4.75,4.69,4.86,4.9,5.14,5.19,5.19,5.19,5.46,5.64,5.48,5.56
"White sugar, 2 kilograms 4",1.85,2.1,1.94,1.95,2.15,1.78,1.99,2.13,1.86,2.06,1.88,2.06,1.85,2.03,1.82,2.02,1.64,1.77,1.99,2.21,1.87,1.99,1.82,2.07,1.89,1.38,2.05,2.02,2.07,1.89,2.09,2.06,1.84,1.62,1.9,2.06,1.97,1.38,2.04,1.88,1.73,1.82,1.82,1.93,1.6,1.58,1.88,1.8,1.86,1.52,1.65,2.14,2.13,2.16,2.11,2.22,1.68,2.2,2.25,2.38,2.41,2.62,2.4,2.36,2.6,2.43,2.48,2.68,2.3,2.62
"Apple juice, 2 litres 4",2.7,2.74,2.67,2.71,2.67,2.67,2.78,2.71,2.55,2.67,2.57,2.71,2.57,2.61,2.68,2.68,2.6,2.59,2.71,2.66,2.65,2.68,2.72,2.69,2.57,2.6,2.64,2.64,2.56,2.59,2.68,2.68,2.65,2.68,2.76,2.79,2.62,2.72,2.74,2.81,2.65,2.79,2.76,2.67,2.71,2.79,2.63,2.77,2.56,2.75,2.8,2.7,2.64,2.76,2.75,2.72,2.78,2.74,2.86,2.91,2.78,2.83,2.82,2.97,2.96,2.99,2.96,2.98,3.11,3.08
"Orange juice, 2 litres 4",3.31,3.35,3.39,3.22,3.25,3.34,3.27,3.39,3.3,3.21,3.14,3.12,3.27,3.2,3.18,3.2,3.16,3.26,3.22,3.33,3.24,3.29,3.25,3.18,3.3,3.44,3.35,3.31,3.34,3.37,3.49,3.49,3.4,3.33,3.35,3.3,3.47,3.46,3.52,3.71,3.72,3.58,3.64,3.52,3.5,3.47,3.48,3.3,3.55,3.56,3.54,3.53,3.53,3.53,3.6,3.6,3.69,3.59,3.57,3.68,3.77,3.81,3.95,3.79,3.87,3.8,3.79,3.86,3.86,3.65
"Roasted or ground coffee, 340 grams 4",4.36,4.53,4.76,4.68,4.47,4.75,4.67,5.13,4.23,4.93,4.76,4.91,4.65,5.11,4.81,5.08,4.64,4.85,4.88,5.2,4.87,4.89,5.06,4.8,5.13,5.12,4.82,4.84,5.12,5.16,5.19,5.13,5.02,5.19,5.09,5.11,5.25,5.3,5.49,5.39,5.36,5.13,5.39,5.59,5.44,5.21,5.08,5.23,5.51,5.52,5.1,5.29,5.48,5.67,5.49,5.52,5.54,5.21,5.17,5.59,5.56,5.81,5.79,5.88,6.06,6.03,6.16,6.35,6.26,5.76
Tea (20 bags) 3,3.28,2.99,3.11,3.23,3.16,3.32,3.36,3.34,3.25,3.16,3.03,3.28,3.34,3.38,3.32,3.38,3.39,3.51,3.54,3.35,3.19,3.24,3.16,3.25,3.34,3.33,3.28,3.37,3.32,3.35,3.37,3.26,3.38,3.19,3.18,3.36,3.42,3.28,3.55,3.46,3.66,3.54,3.43,3.72,3.58,3.53,3.39,3.64,3.47,3.65,3.7,3.53,3.71,3.75,3.99,3.72,3.86,3.83,3.72,3.86,3.85,3.72,3.64,3.73,3.73,3.88,4.2,3.92,4.21,4.2
"Ketchup, 1 litre 4",3.08,3.18,3.17,3.14,3.01,3,2.93,3.01,2.99,3.12,3.12,3.21,3.19,3.23,3.26,3.16,3.15,3.15,3.12,3.29,3.27,3.26,3.29,3.37,3.35,3.31,3.17,3.18,3.17,3.25,3.21,3.24,3.21,3.25,3.12,3.26,3.28,3.2,3.28,3.33,3.18,3.25,3.21,3.24,3.2,3.21,3.3,3.39,3.34,3.36,3.27,3.31,3.19,3.19,3.22,3.22,3.2,3.43,3.56,3.74,3.84,3.92,3.96,4.06,4.06,3.95,3.91,4.06,4.04,4.01
"Vegetable oil, 3 litres 4",5.3,5.1,5.17,5.57,5.34,5.07,4.1,5.59,5.22,5.46,5.23,5.49,5.25,5.26,3.5,5.39,5.69,5.63,5.51,5.63,5.78,5.57,5.62,5.88,3.84,5.85,3.72,5.32,5.25,5.5,5.71,5.68,4.63,5.51,5.79,5.68,3.81,5.7,5.78,6.16,5.97,5.14,5.78,5.69,5.46,4.26,4.75,5.91,4.84,6,6.21,6.4,6.47,6.77,7.83,8.41,9.13,9.15,7.44,10.11,8.09,10.36,10.06,10.62,10.62,10.9,11.98,11.61,10.3,9.93
"Canola oil, 3 litres 4",6.81,7.12,7.75,7.91,7.12,8.2,8.26,8.48,6.93,7.66,6.85,7.11,5.99,7.19,8.18,5.85,6.59,6.99,7.38,6.92,7.1,7.23,7.13,7.25,7.23,7.82,7.58,7.74,7.17,8.22,7.65,7.44,7.3,8.5,8.44,8.52,6.98,7.74,8.61,7.85,7.75,8.08,8.16,8.3,8.3,8.23,8.15,8.43,7.11,6.87,7.9,8.28,8.36,8.9,9,8.68,9.39,9.76,10.39,10.56,8.63,11.32,11.73,12.52,12.82,12.67,12.49,12.4,13.79,12.71
"Olive oil, 1 litre 4",8.34,6.34,7.8,8.68,8.65,8.32,8.24,8.51,8.21,6.47,6.83,7.46,8.44,6.26,8.44,7.71,7.58,6.98,7.59,7.78,6.64,6.99,6.68,6.86,7.96,6.34,7.27,7.67,7.27,7.65,8.01,8.36,6.79,6.84,6.98,5.55,7.69,7.29,7.37,7.78,7.04,7.86,7.48,5.71,6.47,5.92,7.51,5.89,7.58,5.83,6.18,7.84,7.8,7.41,7.73,7.56,7.06,7.48,8.35,8.22,8.43,7.01,8.76,8.38,8.49,8.57,8.14,9.75,8.07,7.8
"Baby food, 128 millilitres 4",1.2,1.27,1.32,1.4,1.39,1.33,1.26,1.3,1.31,1.29,1.28,1.29,1.28,1.27,1.18,1.28,1.29,1.28,1.28,1.3,1.3,1.28,1.29,1.31,1.32,1.32,1.31,1.29,1.3,1.37,1.36,1.37,1.32,1.34,1.3,1.34,1.32,1.32,1.41,1.48,1.34,1.33,1.37,1.37,1.35,1.35,1.34,1.33,1.33,1.34,1.35,1.35,1.36,1.37,1.37,1.37,1.35,1.34,1.34,1.36,1.37,1.37,1.4,1.42,1.43,1.42,1.4,1.42,1.47,1.47
"Infant formula, 900 grams  4",27.35,27.02,27.09,26.98,26.31,27.58,27.07,27.13,27.77,27.99,27.18,27,27.28,26.67,27.07,26.87,27.71,28.1,27.88,28.61,28.64,29.1,30.17,29.89,30.23,30.08,31.06,29.73,29.33,30.16,28.73,29.23,29.48,29.19,30.15,30.34,30.57,31.88,31,30.06,31,30.38,30.69,30.69,30.18,30.59,30.21,30.11,31.07,31.27,30.29,32.24,32.21,31.97,32.99,32.33,32.14,31.95,30.9,31.34,30.94,29.86,28.18,30.64,33.53,31.63,31.95,31.84,32.28,34.8
"Peanut butter, 1 kilogram 4",3.67,3.95,3.77,3.79,3.83,3.42,3.79,3.55,4.18,4.07,4.58,4.59,3.6,2.45,3.82,4.33,4.41,4.59,4.36,4.53,4.26,4.33,4.41,4.66,4.72,4.55,4.53,4.76,4.67,4.87,4.48,4.57,4.34,4.44,4.42,4.4,4.55,4.32,4.58,4.87,4.65,4.43,4.65,4.57,4.41,4.51,4.53,4.54,4.52,4.83,5.02,4.72,4.9,4.74,4.67,4.74,4.86,4.73,5.06,4.8,4.6,5.19,5.32,5.37,5.34,5.41,5.34,5.43,5.49,5.53
"Mayonnaise, 890 millilitres  4",4.13,4.16,4.07,4.17,4.06,4.04,4.08,4.19,4.35,4.02,4.2,4.4,4.24,4.32,4.16,4.3,4.21,4.15,4.28,4.38,4.44,4.29,4.47,4.38,4.43,4.41,4.35,4.41,4.34,4.15,4.29,4.41,4.39,4.32,4.34,4.42,4.4,4.35,4.57,4.71,4.38,4.42,4.56,4.55,4.52,4.53,4.56,4.54,4.58,4.66,4.46,4.59,4.33,4.5,4.9,5.13,5.13,5.05,5.51,5.31,5.34,5.53,5.73,6.1,5.92,6.08,6.18,6.27,6.38,6.19
"Canned baked beans, 398 millilitres 4",1.17,1.22,1.21,1.16,1.2,1.15,1.24,1.17,1.23,1.25,1.23,1.28,1.22,1.2,1.21,1.26,1.2,1.18,1.22,1.11,1.16,1.17,0.98,1.02,1.2,1.25,1.17,1.16,1.06,1.2,1.2,1.21,1,1.2,0.98,1.13,1.14,1.24,1.27,1.4,1.37,1.23,1.26,1.16,1.25,1.21,1.24,1.28,1.3,1.29,1.15,1.19,1.15,1.25,1.18,1.17,1.31,1.43,1.48,1.52,1.47,1.46,1.34,1.52,1.6,1.49,1.62,1.43,1.63,1.67
"Canned tomatoes, 796 millilitres 4",1.25,1.15,1.34,1.22,1.25,1.33,1.33,1.13,1.27,1.22,1.22,1.36,1.26,1.24,1.3,1.2,1.25,1.2,1.24,1.32,1.2,1.27,1.32,1.31,1.3,1.34,1.36,1.41,1.25,1.3,1.32,1.35,1.33,1.41,1.33,1.33,1.3,1.36,1.59,1.6,1.59,1.62,1.58,1.27,1.42,1.41,1.39,1.43,1.45,1.42,1.58,1.62,1.62,1.58,1.47,1.63,1.5,1.47,1.49,1.56,1.4,1.49,1.48,1.39,1.45,1.61,1.62,1.74,1.58,1.51
"Canned soup, 284 millilitres 4",0.8,0.81,0.95,0.97,1.12,1.18,1.08,0.9,0.87,0.99,0.96,1.13,1,0.75,0.99,0.98,1.18,1.01,0.93,0.99,0.81,1.01,0.96,1.14,0.98,0.79,1.01,1.06,1.27,1.24,1.14,0.89,0.77,1.08,1,1.19,1.07,0.79,1.17,1.46,1.29,1.33,1.4,0.89,0.79,1.27,1.2,1.25,1.27,1.14,1.28,1.03,0.97,1.14,1.1,0.84,1.01,1.3,1.12,1.34,1.24,1.1,1.43,1.15,1.1,1.45,1.44,1.22,1.12,1.62
"Canned beans and lentils, 540 millilitres 3",1.06,1.01,1.06,1.06,1.06,1.1,1.11,1.05,1.1,1.1,1.07,1.09,1.07,1.07,1.08,1.06,1.04,1.06,1.09,1.1,1.09,1.14,1.15,1.13,1.13,1.15,1.15,1.19,1.15,1.15,1.15,1.17,1.16,1.14,1.14,1.19,1.19,1.21,1.3,1.32,1.33,1.31,1.34,1.2,1.23,1.25,1.29,1.26,1.28,1.23,1.29,1.29,1.24,1.29,1.3,1.29,1.29,1.27,1.39,1.38,1.3,1.32,1.37,1.43,1.47,1.42,1.43,1.49,1.42,1.34
"Canned corn, 341 millilitres 4",1,1.05,1.1,0.93,1.01,1.11,0.92,0.8,1.02,0.94,1.05,0.96,1.04,1.06,0.97,1.04,1.08,1.05,0.8,1.02,1.01,1,1.06,0.99,1.05,1.1,1.15,1.05,1.11,1.1,1.12,1.12,1.16,1.05,1.17,1.1,1.18,1.1,1.19,1.33,1.43,1.37,1.42,1.35,1.31,1.21,1.27,1.14,1.26,1.31,1.32,1.36,1.32,1.34,1.35,1.36,1.34,1.16,1.29,1.15,1.24,1.35,1.38,1.24,1.37,1.41,1.51,1.7,1.58,1.32
"Canned peach, 398 millilitres 4",2.03,2.02,2.15,2.27,2.1,1.9,2.02,2.07,1.99,2.2,1.88,1.81,2.01,2.15,2.13,2.09,2.25,2.23,2.16,2.16,2.22,2.14,2.1,2.17,2.2,1.53,1.96,2.05,2.11,2.08,2.17,2.25,2.16,2.19,1.87,2.26,2.3,1.79,2.36,2.01,1.99,2.11,1.6,2.17,2.23,1.74,2.17,2.21,2.09,2.16,1.86,2.17,2.2,2.21,2.13,2.17,2.07,2.09,2.17,2.05,2.16,2.17,2.15,2.16,2.09,2.28,2.25,2.3,2.33,2.23
"Canned pear, 398 millilitres 4",1.91,1.99,2.12,2.09,1.98,1.8,2,2.03,1.99,2.03,2.08,1.96,2.09,2.11,2.09,2.1,2.2,2.18,2.13,2.1,2.13,2.12,2.11,2.2,2.19,2.12,2.06,2.11,2.05,2.13,2.09,2.13,2.14,2.22,2.11,2.29,2.28,2.23,2.47,2.35,2.55,2.47,2.49,2.47,2.39,2.29,2.22,2.32,2.3,2.32,2.32,2.27,2.32,2.35,2.3,2.33,2.12,2.11,2.23,2.16,2.29,2.3,2.27,2.29,2.3,2.41,2.43,2.46,2.41,2.47
"Dried lentils, 900 grams 4",2.7,2.85,2.91,2.95,3.02,2.98,3.01,2.96,2.99,2.97,2.98,2.82,3.06,3.03,2.94,3,2.98,2.98,3,2.97,2.97,3.01,2.96,2.97,3.18,3.18,3.02,3.02,3.01,3.03,2.88,2.92,2.99,3.06,3.09,3.08,3.22,3.22,3.09,3.27,3.2,3.14,3,2.95,3.04,3.01,3.09,3.08,3.19,3.17,3.12,3.13,3.15,3.02,3.08,3.13,3.18,3.01,2.95,3.07,3.22,3.32,3.32,3.42,3.43,3.55,3.67,3.65,3.62,3.6
"Dry beans and legumes, 900 grams  4",2.46,2.59,2.68,2.72,2.76,2.8,2.79,2.77,2.71,2.74,2.69,2.57,2.73,2.79,2.74,2.71,2.72,2.7,2.72,2.68,2.67,2.68,2.7,2.68,2.86,2.88,2.75,2.76,2.71,2.78,2.66,2.63,2.7,2.72,2.7,2.67,2.84,2.87,2.78,2.92,2.97,2.91,2.73,2.7,2.78,2.73,2.79,2.89,2.87,2.89,2.88,2.86,2.84,2.81,2.83,2.87,2.88,2.72,2.75,2.94,3.05,3.21,3.27,3.28,3.28,3.42,3.54,3.48,3.57,3.31
"Tofu, 350 grams  4",2.01,2,1.93,1.86,1.86,1.86,1.9,1.88,1.82,1.97,1.85,1.96,1.95,2.1,2.11,2.11,2.09,2.27,2.24,2.24,2.22,2.25,2.18,2.14,2.15,2.13,2.11,2.13,2.15,2.15,2.1,2.14,2.15,2.17,2.21,2.17,2.06,2.19,2.19,2.16,2.39,2.29,2.25,2.24,2.24,2.25,2.24,2.26,2.29,2.25,2.27,2.33,2.43,2.52,2.37,2.42,2.48,2.53,2.45,2.48,2.43,2.6,2.55,2.6,2.54,2.61,2.72,2.69,2.77,2.77
"Hummus, 227 grams 4",3.41,3.22,3.29,3.18,3.3,3.26,3.08,3.17,3.21,3.2,3.1,3.01,3.16,3.07,3.13,3.14,3.28,3.23,3.27,3.2,3.26,3.25,3.21,3.1,3.24,3.2,3.25,3.17,3.11,3.18,3.26,3.27,3.39,3.36,3.33,3.3,3.36,3.43,3.47,3.42,3.29,3.27,3.23,3.24,3.39,3.19,3.24,3.22,3.3,3.39,3.4,3.34,3.38,3.27,3.38,3.38,3.39,3.33,3.35,3.31,3.38,3.4,3.41,3.53,3.62,3.44,3.54,3.72,3.79,3.76
"Salsa, 418 millilitres 4",3.11,3,3.09,3.1,3.02,3.13,3.18,3.15,3.28,2.97,3.14,3.06,2.99,3.14,3.09,3.16,3.24,3.07,3.17,3.28,3.4,3.28,3.23,3.15,3.13,3.22,3.38,3.34,3.26,3.18,3.27,3.43,3.43,3.4,3.41,3.32,3.23,3.31,3.37,3.45,3.51,3.58,3.61,3.61,3.4,3.46,3.5,3.4,3.44,3.44,3.56,3.53,3.62,3.5,3.49,3.43,3.41,3.52,3.55,3.49,3.68,3.76,3.74,3.7,3.88,4,4.07,4.06,4.15,4.26
"Pasta sauce, 650 millilitres 4",1.98,1.87,1.85,2.01,1.98,1.94,1.85,1.99,2,1.97,1.96,1.96,2.01,1.69,1.91,1.97,1.95,1.83,1.85,1.94,1.99,1.96,2.04,2.17,2.03,1.8,2.06,1.95,2.01,2.05,1.97,2.18,2.04,2.03,1.98,2.17,1.93,1.89,2.31,2.31,2.36,2.27,2.18,2.23,2.18,2.19,2.29,2.34,2.18,2.22,2.34,2.11,2.15,2.3,2.39,2.34,2.21,2.37,2.32,2.43,2.32,2.5,2.5,2.58,2.36,2.74,2.7,2.73,2.86,2.74
"Salad dressing, 475 millilitres 4",2.33,2.37,2.39,2.38,2.29,2.21,2.24,2.31,2.39,2.27,2.3,2.34,2.43,2.46,2.34,2.3,2.22,2.29,2.33,2.32,2.36,2.17,2.47,2.37,2.5,2.59,2.55,2.5,2.45,2.33,2.32,2.48,2.53,2.32,2.47,2.33,2.48,2.61,2.6,2.58,2.38,2.61,2.55,2.56,2.59,2.56,2.73,2.6,2.64,2.56,2.56,2.63,2.48,2.61,2.73,2.74,2.92,2.88,2.99,3.05,3.16,3.3,3.43,3.41,3.24,3.16,3.21,3.17,3.35,3.28
"Almonds, 200 grams 4",3.35,4.13,4.2,4.32,4.29,4.17,4.87,4.58,4.64,4.88,4.3,4.42,4.21,4.71,4.67,5.05,4.93,4.78,4.82,5.18,5.19,4.97,4.36,4.57,5.15,5.13,5.1,5.32,5.13,5,5.17,5.41,5.07,4.67,5,4.77,5.3,5.09,5.25,5.5,5.53,5.59,5.7,4.73,4.32,4.9,3.96,4.65,4.92,5,4.83,4.47,4.95,5.29,5.25,5.32,5.3,4.5,4.53,4.88,5.03,5.1,5.25,5.33,5.47,5.49,5.18,5.27,5.39,5.42
"Peanuts, 450 grams 4",3.35,3.47,3.54,3.35,3.33,3.33,3.39,3.21,3.51,3.59,3.11,3.21,3.28,3.23,3.29,3.33,3.37,3.28,3.47,3.36,3.36,3.27,3.11,2.88,2.85,2.98,3.05,3.12,3.04,3.06,3.24,3.24,3.04,3.17,2.89,3.01,3.13,2.94,3,3.21,3.13,3.24,3.24,3.24,3.1,3.1,3.11,3.1,3.01,2.64,3.08,3.15,2.95,3.12,3.13,3.15,3.08,3.12,3.06,2.96,3.08,2.92,3.06,3.16,3.18,2.99,3,3.17,3.36,3.25
"Sunflower seeds, 400 grams  4",3.7,3.71,3.72,3.65,3.62,3.74,3.71,3.8,4.07,4.02,3.9,3.95,3.98,3.94,3.96,3.92,3.88,3.9,3.89,3.98,4.06,3.99,4,4.02,4.03,3.92,3.98,4.13,4.05,4.09,4.13,4.06,4.08,4.07,4.05,4.02,3.97,4.05,4.08,4.1,4.15,4.18,4.12,4.06,4.12,4.14,4.13,4.12,4.1,4.06,4.11,4.06,3.98,3.94,4.13,4.13,4.01,3.94,3.98,4.02,3.94,4.13,4.02,4.14,3.98,3.99,4.21,4.18,4.26,4.31
"Deodorant, 85 grams 4",4.81,4.45,4.78,4.86,4.73,4.81,4.67,4.55,4.31,4.78,4.56,4.8,4.82,4.74,4.79,4.72,4.71,4.69,4.91,4.79,4.74,4.74,4.56,4.85,4.86,4.73,4.85,4.94,4.96,4.89,5,4.9,4.76,4.69,4.86,4.73,5.14,4.81,5.15,5.28,4.96,4.89,5.15,4.81,4.97,5.08,5.06,5.06,5.14,4.99,5.23,5.37,5.36,5.08,5.36,5.41,5.61,5.84,5.81,5.94,5.95,5.62,6.05,6.32,6.46,6.22,6.42,6.1,6.42,6.4
"Toothpaste, 100 millilitres 4",2.2,2.88,2.49,2.62,2.48,2.87,2.71,2.63,2.6,2.68,2.5,2.82,2.49,2.45,2.51,2.66,2.6,2.5,2.8,2.44,2.78,2.65,2.66,2.72,2.6,2.51,2.83,2.94,2.64,2.61,2.83,2.63,2.99,2.85,2.98,2.91,2.7,2.79,2.95,3.27,3.11,2.91,3.11,3.17,2.84,2.92,3.13,3.14,2.92,2.93,3.42,3.03,3.11,3.03,3.2,3.26,3.18,2.98,3.25,3.37,3.05,3.46,3.39,3.35,3.39,3.39,3.47,3.67,3.83,3.51
"Shampoo, 400 millilitres 4",4.91,4.75,5.05,5.23,5.06,5.11,4.98,5.08,5,5.01,5.12,5.09,5.1,4.89,4.97,4.98,4.99,5.09,5.1,5.09,4.72,4.97,5.17,5.25,5.3,5.08,5.06,5.3,5.02,4.95,5.27,5.02,5.14,5.16,5.11,4.93,5.35,5.2,5.28,5.29,5.3,5.33,5.14,5.19,5.09,5.2,5.19,5.31,5.37,5.09,5.18,5.32,5.4,5.59,5.29,5.37,5.69,5.73,5.8,5.79,5.97,5.63,5.65,5.73,5.83,6.01,5.88,6.08,6.24,6.09
"Laundry detergent, 4.43 litres 4",12.15,11.64,12.46,9.79,12.15,11.45,11.54,10.43,12.11,10.16,11.53,10.18,12.17,11.3,11.73,11.12,12.05,10.68,11.18,11.33,10.5,10.72,11.97,10.67,12.5,10.99,10.94,11.98,11.53,11.01,11.85,11.34,10.61,12.23,9.23,10.67,11.53,9.54,12.17,13.67,12.5,13.37,12.89,11.33,12.42,12.15,13.22,12.28,12.67,12.69,13.09,12,11.64,12.58,12.09,12.86,12.19,12.79,11.78,13.11,13.07,13.93,14.16,13.66,13.85,13.96,13.35,13.7,14.16,13.49
